{"rsi": 0.1845031976699829, "rsi_std": 0.10116218030452728, "macd": 0.19479911029338837, "atr_filter": 0.10789141803979874, "sector": 0.1010313332080841, "rvol": 0.12466761469841003, "multi_ma": 0.08983035385608673, "crossover": 0.09611480683088303}