{"rsi": 0.12662702798843384, "rsi_std": 0.13863393664360046, "macd": 0.1276804655790329, "atr_filter": 0.12094859033823013, "sector": 0.11538777500391006, "rvol": 0.1278204470872879, "adx_di": 0.12695840001106262, "crossover": 0.11594337224960327}