{"rsi": 0.12442881613969803, "rsi_std": 0.12087585777044296, "macd": 0.13195861876010895, "atr_filter": 0.11658483743667603, "sector": 0.11400578916072845, "rvol": 0.13725993037223816, "adx_di": 0.12422795593738556, "crossover": 0.13065817952156067}