{"rsi": 0.12399759143590927, "rsi_std": 0.11791125684976578, "macd": 0.12952788174152374, "atr_filter": 0.11808639764785767, "sector": 0.12613509595394135, "rvol": 0.12450937181711197, "multi_ma": 0.1281290352344513, "crossover": 0.13170333206653595}