{"rsi": 0.15201635658740997, "rsi_std": 0.13222242891788483, "macd": 0.1348482221364975, "atr_filter": 0.10377494990825653, "sector": 0.12188411504030228, "rvol": 0.11491838097572327, "multi_ma": 0.11636244505643845, "crossover": 0.12397311627864838}