{"rsi": 0.1142769530415535, "rsi_std": 0.13014084100723267, "macd": 0.18960249423980713, "atr_filter": 0.08802236616611481, "sector": 0.09085673093795776, "rvol": 0.1500493735074997, "multi_ma": 0.08528319001197815, "crossover": 0.1517680287361145}